RSBV_1_LEFT	RSBV_1_RIGHT
RSBV_2_LEFT	RSBV_2_RIGHT
RSBV_3_LEFT	RSBV_3_RIGHT
RSBV_4_LEFT	RSBV_4_RIGHT
RSBV_5_LEFT	RSBV_5_RIGHT
RSBV_6_LEFT	RSBV_6_RIGHT
RSBV_7_LEFT	RSBV_7_RIGHT
RSBV_8_LEFT	RSBV_8_RIGHT
RSBV_9_LEFT	RSBV_9_RIGHT
RSBV_10_LEFT	RSBV_10_RIGHT
RSBV_11_LEFT	RSBV_11_RIGHT
RSBV_12_LEFT	RSBV_12_RIGHT
RSBV_13_LEFT	RSBV_13_RIGHT
RSBV_14_LEFT	RSBV_14_RIGHT
RSBV_15_LEFT	RSBV_15_RIGHT
RSBV_16_LEFT	RSBV_16_RIGHT
RSBV_17_LEFT	RSBV_17_RIGHT
RSBV_18_LEFT	RSBV_18_RIGHT
RSBV_19_LEFT	RSBV_19_RIGHT
RSBV_20_LEFT	RSBV_20_RIGHT
RSBV_21_LEFT	RSBV_21_RIGHT
RSBV_22_LEFT	RSBV_22_RIGHT
RSBV_23_LEFT	RSBV_23_RIGHT
RSBV_24_LEFT	RSBV_24_RIGHT
RSBV_25_LEFT	RSBV_25_RIGHT
RSBV_26_LEFT	RSBV_26_RIGHT
RSBV_27_LEFT	RSBV_27_RIGHT
RSBV_28_LEFT	RSBV_28_RIGHT
RSBV_29_LEFT	RSBV_29_RIGHT
RSBV_30_LEFT	RSBV_30_RIGHT
RSBV_31_LEFT	RSBV_31_RIGHT
RSBV_32_LEFT	RSBV_32_RIGHT
RSBV_33_LEFT	RSBV_33_RIGHT
RSBV_34_LEFT	RSBV_34_RIGHT
RSBV_35_LEFT	RSBV_35_RIGHT
RSBV_36_LEFT	RSBV_36_RIGHT
RSBV_37_LEFT	RSBV_37_RIGHT
RSBV_38_LEFT	RSBV_38_RIGHT
RSBV_39_LEFT	RSBV_39_RIGHT
RSBV_40_LEFT	RSBV_40_RIGHT
RSBV_41_LEFT	RSBV_41_RIGHT
RSBV_42_LEFT	RSBV_42_RIGHT
RSBV_43_LEFT	RSBV_43_RIGHT
RSBV_44_LEFT	RSBV_44_RIGHT
RSBV_45_LEFT	RSBV_45_RIGHT
RSBV_46_LEFT	RSBV_46_RIGHT
RSBV_47_LEFT	RSBV_47_RIGHT
RSBV_48_LEFT	RSBV_48_RIGHT
RSBV_49_LEFT	RSBV_49_RIGHT
RSBV_50_LEFT	RSBV_50_RIGHT
RSBV_51_LEFT	RSBV_51_RIGHT
RSBV_52_LEFT	RSBV_52_RIGHT
RSBV_53_LEFT	RSBV_53_RIGHT
