RSVB_1_LEFT	RSVB_1_RIGHT
RSVB_2_LEFT	RSVB_2_RIGHT
RSVB_3_LEFT	RSVB_3_RIGHT
RSVB_4_LEFT	RSVB_4_RIGHT
RSVB_5_LEFT	RSVB_5_RIGHT
RSVB_6_LEFT	RSVB_6_RIGHT
RSVB_7_LEFT	RSVB_7_RIGHT
RSVB_8_LEFT	RSVB_8_RIGHT
RSVB_9_LEFT	RSVB_9_RIGHT
RSVB_10_LEFT	RSVB_10_RIGHT
RSVB_11_LEFT	RSVB_11_RIGHT
RSVB_12_LEFT	RSVB_12_RIGHT
RSVB_13_LEFT	RSVB_13_RIGHT
RSVB_14_LEFT	RSVB_14_RIGHT
RSVB_15_LEFT	RSVB_15_RIGHT_alt
RSVB_16_LEFT	RSVB_16_RIGHT
RSVB_17_LEFT	RSVB_17_RIGHT
RSVB_18_LEFT	RSVB_18_RIGHT
RSVB_19_LEFT	RSVB_19_RIGHT
RSVB_20_LEFT	RSVB_20_RIGHT
RSVB_21_LEFT	RSVB_21_RIGHT
RSVB_22_LEFT	RSVB_22_RIGHT
RSVB_23_LEFT	RSVB_23_RIGHT
RSVB_24_LEFT	RSVB_24_RIGHT
RSVB_25_LEFT	RSVB_25_RIGHT
RSVB_26_LEFT	RSVB_26_RIGHT
