RSVA_1_LEFT	RSVA_1_RIGHT
RSVA_2_LEFT	RSVA_2_RIGHT
RSVA_3_LEFT	RSVA_3_RIGHT
RSVA_4_LEFT	RSVA_4_RIGHT
RSVA_5_LEFT	RSVA_5_RIGHT
RSVA_6_LEFT	RSVA_6_RIGHT
RSVA_7_LEFT	RSVA_7_RIGHT
RSVA_8_LEFT	RSVA_8_RIGHT
RSVA_9_LEFT	RSVA_9_RIGHT
RSVA_10_LEFT	RSVA_10_RIGHT
RSVA_11_LEFT	RSVA_11_RIGHT
RSVA_12_LEFT	RSVA_12_RIGHT
RSVA_13_LEFT	RSVA_13_RIGHT
RSVA_14_LEFT	RSVA_14_RIGHT
RSVA_15_LEFT	RSVA_15_RIGHT
RSVA_16_LEFT	RSVA_16_RIGHT
RSVA_17_LEFT	RSVA_17_RIGHT
RSVA_18_LEFT	RSVA_18_RIGHT
RSVA_19_LEFT	RSVA_19_RIGHT
RSVA_20_LEFT	RSVA_20_RIGHT
RSVA_21_LEFT	RSVA_21_RIGHT
RSVA_22_LEFT	RSVA_22_RIGHT
RSVA_23_LEFT	RSVA_23_RIGHT
RSVA_24_LEFT	RSVA_24_RIGHT
RSVA_25_LEFT	RSVA_25_RIGHT
